/*
select *  from category;
SELECT * FROM PRODUCT;
select *  from BRAND;
SELECT * FROM ATTRIBUTE;
SELECT * FROM PRODUCT_PROPERTY;
SELECT * FROM ATTRIBUTE_FIXED_VALUE;
SELECT * FROM STAFF;
*/

insert into category (ID, NAME, PARENT_ID, STATUS, NOTE, CREATE_DATE, MODIFIER_DATE, CREATE_BY, MODIFIER_BY, DELETE_FLAG)
VALUES ('4d6c4d82-9e26-11ec-ab50-6f4d28466520','CAMERA',NULL,1,NULL,'2022-01-01 00:00:01','2022-01-01 00:00:01','1c6c4d82-9e26-11ec-ab50-6f4d28466548','1c6c4d82-9e26-11ec-ab50-6f4d28466548',0);
insert into category (ID, NAME, PARENT_ID, STATUS, NOTE, CREATE_DATE, MODIFIER_DATE, CREATE_BY, MODIFIER_BY, DELETE_FLAG)
VALUES ('4d6c4d82-9e26-11ec-ab50-6f4d28466523','THE NHO',NULL,1,NULL,'2022-01-01 00:11:01','2022-01-01 00:11:01','1c6c4d82-9e26-11ec-ab50-6f4d28466548','1c6c4d82-9e26-11ec-ab50-6f4d28466548',0);

INSERT INTO BRAND (ID, NAME, PHONE, EMAIL, ADDRESS, STATUS, NOTE, CREATE_DATE, MODIFIER_DATE, CREATE_BY, MODIFIER_BY, DELETE_FLAG)
VALUES ('6d6c4d82-9e26-11ec-ab50-6f4d28466520','BRAND1','0911111111','BRAND1@GMAIL.COM','BRAND_ADDRESS_1',1,'NOTE1','2022-01-01 00:11:01','2022-01-01 00:11:01','1c6c4d82-9e26-11ec-ab50-6f4d28466548','1c6c4d82-9e26-11ec-ab50-6f4d28466548',0);
INSERT INTO BRAND (ID, NAME, PHONE, EMAIL, ADDRESS, STATUS, NOTE, CREATE_DATE, MODIFIER_DATE, CREATE_BY, MODIFIER_BY, DELETE_FLAG)
VALUES ('6d6c4d82-9e26-11ec-ab50-6f4d28466525','BRAND2','0911111122','BRAND2@GMAIL.COM','BRAND_ADDRESS_2',1,'NOTE2','2022-01-01 00:11:02','2022-01-01 00:11:02','1c6c4d82-9e26-11ec-ab50-6f4d28466548','1c6c4d82-9e26-11ec-ab50-6f4d28466548',0);

INSERT INTO PRODUCT(ID, NAME, CATEGORY_ID, BRAND_ID, PRODUCT_CODE, QUANTITY, PRICE, DETAIL, DESCRIPTION, STATUS, NOTE, CREATE_DATE, MODIFIER_DATE, CREATE_BY, MODIFIER_BY, DELETE_FLAG)
VALUES ('5d6c4d82-9e26-11ec-ab50-6f4d28466525','CAMERA001','4d6c4d82-9e26-11ec-ab50-6f4d28466520','6d6c4d82-9e26-11ec-ab50-6f4d28466520','PRODUCTCODE1',12,1200000,'DETAIL','DESC',1,'NOTE','2022-01-01 00:00:01','2022-01-01 00:00:01','1c6c4d82-9e26-11ec-ab50-6f4d28466548','1c6c4d82-9e26-11ec-ab50-6f4d28466548',0);
INSERT INTO PRODUCT(ID, NAME, CATEGORY_ID, BRAND_ID, PRODUCT_CODE, QUANTITY, PRICE, DETAIL, DESCRIPTION, STATUS, NOTE, CREATE_DATE, MODIFIER_DATE, CREATE_BY, MODIFIER_BY, DELETE_FLAG)
VALUES ('5d6c4d82-9e26-11ec-ab50-6f4d28466526','CAMERA002','4d6c4d82-9e26-11ec-ab50-6f4d28466520','6d6c4d82-9e26-11ec-ab50-6f4d28466520','PRODUCTCODE2',25,1500000,'DETAIL','DESC',1,'NOTE','2022-01-01 00:00:02','2022-02-01 00:00:02','1c6c4d82-9e26-11ec-ab50-6f4d28466548','1c6c4d82-9e26-11ec-ab50-6f4d28466548',0);
INSERT INTO PRODUCT(ID, NAME, CATEGORY_ID, BRAND_ID, PRODUCT_CODE, QUANTITY, PRICE, DETAIL, DESCRIPTION, STATUS, NOTE, CREATE_DATE, MODIFIER_DATE, CREATE_BY, MODIFIER_BY, DELETE_FLAG)
VALUES ('5d6c4d82-9e26-11ec-ab50-6f4d28466527','CAMERA003','4d6c4d82-9e26-11ec-ab50-6f4d28466520','6d6c4d82-9e26-11ec-ab50-6f4d28466525','PRODUCTCODE3',44,900000,'DETAIL','DESC',1,'NOTE','2022-01-01 00:00:04','2022-01-01 00:00:04','1c6c4d82-9e26-11ec-ab50-6f4d28466548','1c6c4d82-9e26-11ec-ab50-6f4d28466548',0);

INSERT INTO ATTRIBUTE(ID, ATTRIBUTE_NAME, CATEGORY_ID, STATUS, NOTE, CREATE_DATE, MODIFIER_DATE, CREATE_BY, MODIFIER_BY, DELETE_FLAG)
VALUES ('7d6c4d82-9e26-11ec-ab50-6f4d28466527','DO PHAN GIAI','4d6c4d82-9e26-11ec-ab50-6f4d28466520',1,'NOTE1','2022-01-01 00:00:04','2022-01-01 00:00:04','1c6c4d82-9e26-11ec-ab50-6f4d28466548','1c6c4d82-9e26-11ec-ab50-6f4d28466548',0);
INSERT INTO ATTRIBUTE(ID, ATTRIBUTE_NAME, CATEGORY_ID, STATUS, NOTE, CREATE_DATE, MODIFIER_DATE, CREATE_BY, MODIFIER_BY, DELETE_FLAG)
VALUES ('7d6c4d82-9e26-11ec-ab50-6f4d28466523','HONG NGOAI','4d6c4d82-9e26-11ec-ab50-6f4d28466520',1,'NOTE2','2022-01-01 00:00:04','2022-01-01 00:00:04','1c6c4d82-9e26-11ec-ab50-6f4d28466548','1c6c4d82-9e26-11ec-ab50-6f4d28466548',0);
INSERT INTO ATTRIBUTE(ID, ATTRIBUTE_NAME, CATEGORY_ID, STATUS, NOTE, CREATE_DATE, MODIFIER_DATE, CREATE_BY, MODIFIER_BY, DELETE_FLAG)
VALUES ('7d6c4d82-9e26-11ec-ab50-6f4d28466529','MAU SAC','4d6c4d82-9e26-11ec-ab50-6f4d28466520',1,'NOTE3','2022-01-01 00:00:04','2022-01-01 00:00:04','1c6c4d82-9e26-11ec-ab50-6f4d28466548','1c6c4d82-9e26-11ec-ab50-6f4d28466548',0);

INSERT INTO ATTRIBUTE_FIXED_VALUE (ID, ATTRIBUTE_ID, ATTRIBUTE_FIXED_VAL, STATUS, NOTE, CREATE_DATE, MODIFIER_DATE, CREATE_BY, MODIFIER_BY, DELETE_FLAG)
VALUES ('9d6c4d82-9e26-11ec-ab50-6f4d28466548','7d6c4d82-9e26-11ec-ab50-6f4d28466523','CO',1,'NOTE1','2022-01-01 00:00:04','2022-01-01 00:00:04','1c6c4d82-9e26-11ec-ab50-6f4d28466548','1c6c4d82-9e26-11ec-ab50-6f4d28466548',0);
INSERT INTO ATTRIBUTE_FIXED_VALUE (ID, ATTRIBUTE_ID, ATTRIBUTE_FIXED_VAL, STATUS, NOTE, CREATE_DATE, MODIFIER_DATE, CREATE_BY, MODIFIER_BY, DELETE_FLAG)
VALUES ('9d6c4d82-9e26-11ec-ab50-6f4d28466549','7d6c4d82-9e26-11ec-ab50-6f4d28466523','KHONG',1,'NOTE1','2022-01-01 00:00:04','2022-01-01 00:00:04','1c6c4d82-9e26-11ec-ab50-6f4d28466548','1c6c4d82-9e26-11ec-ab50-6f4d28466548',0);


INSERT INTO PRODUCT_PROPERTY (ID, ATTRIBUTE_ID, PRODUCT_ID, ATTRIBUTE_VALUE, ATTRIBUTE_FIXED_ID, STATUS, NOTE, CREATE_DATE, MODIFIER_DATE, CREATE_BY, MODIFIER_BY, DELETE_FLAG)
VALUES ('8d6c4d82-9e26-11ec-ab50-6f4d28466520','7d6c4d82-9e26-11ec-ab50-6f4d28466529','5d6c4d82-9e26-11ec-ab50-6f4d28466525','TRANG',NULL,1,'NOTE1','2022-01-01 00:00:04','2022-01-01 00:00:04','1c6c4d82-9e26-11ec-ab50-6f4d28466548','1c6c4d82-9e26-11ec-ab50-6f4d28466548',0);
INSERT INTO PRODUCT_PROPERTY (ID, ATTRIBUTE_ID, PRODUCT_ID, ATTRIBUTE_VALUE, ATTRIBUTE_FIXED_ID, STATUS, NOTE, CREATE_DATE, MODIFIER_DATE, CREATE_BY, MODIFIER_BY, DELETE_FLAG)
VALUES ('8d6c4d82-9e26-11ec-ab50-6f4d28466521','7d6c4d82-9e26-11ec-ab50-6f4d28466529','5d6c4d82-9e26-11ec-ab50-6f4d28466525','DEN',NULL,1,'NOTE1','2022-01-01 00:00:04','2022-01-01 00:00:04','1c6c4d82-9e26-11ec-ab50-6f4d28466548','1c6c4d82-9e26-11ec-ab50-6f4d28466548',0);
INSERT INTO PRODUCT_PROPERTY (ID, ATTRIBUTE_ID, PRODUCT_ID, ATTRIBUTE_VALUE, ATTRIBUTE_FIXED_ID, STATUS, NOTE, CREATE_DATE, MODIFIER_DATE, CREATE_BY, MODIFIER_BY, DELETE_FLAG)
VALUES ('8d6c4d82-9e26-11ec-ab50-6f4d28466522','7d6c4d82-9e26-11ec-ab50-6f4d28466529','5d6c4d82-9e26-11ec-ab50-6f4d28466525','XAM',NULL,1,'NOTE1','2022-01-01 00:00:04','2022-01-01 00:00:04','1c6c4d82-9e26-11ec-ab50-6f4d28466548','1c6c4d82-9e26-11ec-ab50-6f4d28466548',0);
INSERT INTO PRODUCT_PROPERTY (ID, ATTRIBUTE_ID, PRODUCT_ID, ATTRIBUTE_VALUE, ATTRIBUTE_FIXED_ID, STATUS, NOTE, CREATE_DATE, MODIFIER_DATE, CREATE_BY, MODIFIER_BY, DELETE_FLAG)
VALUES ('8d6c4d82-9e26-11ec-ab50-6f4d28466523','7d6c4d82-9e26-11ec-ab50-6f4d28466529','5d6c4d82-9e26-11ec-ab50-6f4d28466526','TRANG',NULL,1,'NOTE1','2022-01-01 00:00:04','2022-01-01 00:00:04','1c6c4d82-9e26-11ec-ab50-6f4d28466548','1c6c4d82-9e26-11ec-ab50-6f4d28466548',0);
INSERT INTO PRODUCT_PROPERTY (ID, ATTRIBUTE_ID, PRODUCT_ID, ATTRIBUTE_VALUE, ATTRIBUTE_FIXED_ID, STATUS, NOTE, CREATE_DATE, MODIFIER_DATE, CREATE_BY, MODIFIER_BY, DELETE_FLAG)
VALUES ('8d6c4d82-9e26-11ec-ab50-6f4d28466524','7d6c4d82-9e26-11ec-ab50-6f4d28466529','5d6c4d82-9e26-11ec-ab50-6f4d28466526','DEN',NULL,1,'NOTE1','2022-01-01 00:00:04','2022-01-01 00:00:04','1c6c4d82-9e26-11ec-ab50-6f4d28466548','1c6c4d82-9e26-11ec-ab50-6f4d28466548',0);
INSERT INTO PRODUCT_PROPERTY (ID, ATTRIBUTE_ID, PRODUCT_ID, ATTRIBUTE_VALUE, ATTRIBUTE_FIXED_ID, STATUS, NOTE, CREATE_DATE, MODIFIER_DATE, CREATE_BY, MODIFIER_BY, DELETE_FLAG)
VALUES ('8d6c4d82-9e26-11ec-ab50-6f4d28466525','7d6c4d82-9e26-11ec-ab50-6f4d28466529','5d6c4d82-9e26-11ec-ab50-6f4d28466526','XAM',NULL,1,'NOTE1','2022-01-01 00:00:04','2022-01-01 00:00:04','1c6c4d82-9e26-11ec-ab50-6f4d28466548','1c6c4d82-9e26-11ec-ab50-6f4d28466548',0);
INSERT INTO PRODUCT_PROPERTY (ID, ATTRIBUTE_ID, PRODUCT_ID, ATTRIBUTE_VALUE, ATTRIBUTE_FIXED_ID, STATUS, NOTE, CREATE_DATE, MODIFIER_DATE, CREATE_BY, MODIFIER_BY, DELETE_FLAG)
VALUES ('8d6c4d82-9e26-11ec-ab50-6f4d28466526','7d6c4d82-9e26-11ec-ab50-6f4d28466529','5d6c4d82-9e26-11ec-ab50-6f4d28466527','TRANG',NULL,1,'NOTE1','2022-01-01 00:00:04','2022-01-01 00:00:04','1c6c4d82-9e26-11ec-ab50-6f4d28466548','1c6c4d82-9e26-11ec-ab50-6f4d28466548',0);
INSERT INTO PRODUCT_PROPERTY (ID, ATTRIBUTE_ID, PRODUCT_ID, ATTRIBUTE_VALUE, ATTRIBUTE_FIXED_ID, STATUS, NOTE, CREATE_DATE, MODIFIER_DATE, CREATE_BY, MODIFIER_BY, DELETE_FLAG)
VALUES ('8d6c4d82-9e26-11ec-ab50-6f4d28466527','7d6c4d82-9e26-11ec-ab50-6f4d28466529','5d6c4d82-9e26-11ec-ab50-6f4d28466527','DEN',NULL,1,'NOTE1','2022-01-01 00:00:04','2022-01-01 00:00:04','1c6c4d82-9e26-11ec-ab50-6f4d28466548','1c6c4d82-9e26-11ec-ab50-6f4d28466548',0);
INSERT INTO PRODUCT_PROPERTY (ID, ATTRIBUTE_ID, PRODUCT_ID, ATTRIBUTE_VALUE, ATTRIBUTE_FIXED_ID, STATUS, NOTE, CREATE_DATE, MODIFIER_DATE, CREATE_BY, MODIFIER_BY, DELETE_FLAG)
VALUES ('8d6c4d82-9e26-11ec-ab50-6f4d28466528','7d6c4d82-9e26-11ec-ab50-6f4d28466529','5d6c4d82-9e26-11ec-ab50-6f4d28466527','XAM',NULL,1,'NOTE1','2022-01-01 00:00:04','2022-01-01 00:00:04','1c6c4d82-9e26-11ec-ab50-6f4d28466548','1c6c4d82-9e26-11ec-ab50-6f4d28466548',0);

INSERT INTO PRODUCT_PROPERTY (ID, ATTRIBUTE_ID, PRODUCT_ID, ATTRIBUTE_VALUE, ATTRIBUTE_FIXED_ID, STATUS, NOTE, CREATE_DATE, MODIFIER_DATE, CREATE_BY, MODIFIER_BY, DELETE_FLAG)
VALUES ('8d6c4d82-9e26-11ec-ab50-6f4d28466530','7d6c4d82-9e26-11ec-ab50-6f4d28466527','5d6c4d82-9e26-11ec-ab50-6f4d28466525','720P',NULL,1,'NOTE1','2022-01-01 00:00:04','2022-01-01 00:00:04','1c6c4d82-9e26-11ec-ab50-6f4d28466548','1c6c4d82-9e26-11ec-ab50-6f4d28466548',0);
INSERT INTO PRODUCT_PROPERTY (ID, ATTRIBUTE_ID, PRODUCT_ID, ATTRIBUTE_VALUE, ATTRIBUTE_FIXED_ID, STATUS, NOTE, CREATE_DATE, MODIFIER_DATE, CREATE_BY, MODIFIER_BY, DELETE_FLAG)
VALUES ('8d6c4d82-9e26-11ec-ab50-6f4d28466531','7d6c4d82-9e26-11ec-ab50-6f4d28466527','5d6c4d82-9e26-11ec-ab50-6f4d28466525','1080P',NULL,1,'NOTE1','2022-01-01 00:00:04','2022-01-01 00:00:04','1c6c4d82-9e26-11ec-ab50-6f4d28466548','1c6c4d82-9e26-11ec-ab50-6f4d28466548',0);
INSERT INTO PRODUCT_PROPERTY (ID, ATTRIBUTE_ID, PRODUCT_ID, ATTRIBUTE_VALUE, ATTRIBUTE_FIXED_ID, STATUS, NOTE, CREATE_DATE, MODIFIER_DATE, CREATE_BY, MODIFIER_BY, DELETE_FLAG)
VALUES ('8d6c4d82-9e26-11ec-ab50-6f4d28466532','7d6c4d82-9e26-11ec-ab50-6f4d28466527','5d6c4d82-9e26-11ec-ab50-6f4d28466525','480P',NULL,1,'NOTE1','2022-01-01 00:00:04','2022-01-01 00:00:04','1c6c4d82-9e26-11ec-ab50-6f4d28466548','1c6c4d82-9e26-11ec-ab50-6f4d28466548',0);
INSERT INTO PRODUCT_PROPERTY (ID, ATTRIBUTE_ID, PRODUCT_ID, ATTRIBUTE_VALUE, ATTRIBUTE_FIXED_ID, STATUS, NOTE, CREATE_DATE, MODIFIER_DATE, CREATE_BY, MODIFIER_BY, DELETE_FLAG)
VALUES ('8d6c4d82-9e26-11ec-ab50-6f4d28466533','7d6c4d82-9e26-11ec-ab50-6f4d28466527','5d6c4d82-9e26-11ec-ab50-6f4d28466526','720P',NULL,1,'NOTE1','2022-01-01 00:00:04','2022-01-01 00:00:04','1c6c4d82-9e26-11ec-ab50-6f4d28466548','1c6c4d82-9e26-11ec-ab50-6f4d28466548',0);
INSERT INTO PRODUCT_PROPERTY (ID, ATTRIBUTE_ID, PRODUCT_ID, ATTRIBUTE_VALUE, ATTRIBUTE_FIXED_ID, STATUS, NOTE, CREATE_DATE, MODIFIER_DATE, CREATE_BY, MODIFIER_BY, DELETE_FLAG)
VALUES ('8d6c4d82-9e26-11ec-ab50-6f4d28466534','7d6c4d82-9e26-11ec-ab50-6f4d28466527','5d6c4d82-9e26-11ec-ab50-6f4d28466526','1080P',NULL,1,'NOTE1','2022-01-01 00:00:04','2022-01-01 00:00:04','1c6c4d82-9e26-11ec-ab50-6f4d28466548','1c6c4d82-9e26-11ec-ab50-6f4d28466548',0);
INSERT INTO PRODUCT_PROPERTY (ID, ATTRIBUTE_ID, PRODUCT_ID, ATTRIBUTE_VALUE, ATTRIBUTE_FIXED_ID, STATUS, NOTE, CREATE_DATE, MODIFIER_DATE, CREATE_BY, MODIFIER_BY, DELETE_FLAG)
VALUES ('8d6c4d82-9e26-11ec-ab50-6f4d28466535','7d6c4d82-9e26-11ec-ab50-6f4d28466527','5d6c4d82-9e26-11ec-ab50-6f4d28466526','480P',NULL,1,'NOTE1','2022-01-01 00:00:04','2022-01-01 00:00:04','1c6c4d82-9e26-11ec-ab50-6f4d28466548','1c6c4d82-9e26-11ec-ab50-6f4d28466548',0);
INSERT INTO PRODUCT_PROPERTY (ID, ATTRIBUTE_ID, PRODUCT_ID, ATTRIBUTE_VALUE, ATTRIBUTE_FIXED_ID, STATUS, NOTE, CREATE_DATE, MODIFIER_DATE, CREATE_BY, MODIFIER_BY, DELETE_FLAG)
VALUES ('8d6c4d82-9e26-11ec-ab50-6f4d28466536','7d6c4d82-9e26-11ec-ab50-6f4d28466527','5d6c4d82-9e26-11ec-ab50-6f4d28466527','720P',NULL,1,'NOTE1','2022-01-01 00:00:04','2022-01-01 00:00:04','1c6c4d82-9e26-11ec-ab50-6f4d28466548','1c6c4d82-9e26-11ec-ab50-6f4d28466548',0);
INSERT INTO PRODUCT_PROPERTY (ID, ATTRIBUTE_ID, PRODUCT_ID, ATTRIBUTE_VALUE, ATTRIBUTE_FIXED_ID, STATUS, NOTE, CREATE_DATE, MODIFIER_DATE, CREATE_BY, MODIFIER_BY, DELETE_FLAG)
VALUES ('8d6c4d82-9e26-11ec-ab50-6f4d28466537','7d6c4d82-9e26-11ec-ab50-6f4d28466527','5d6c4d82-9e26-11ec-ab50-6f4d28466527','1080P',NULL,1,'NOTE1','2022-01-01 00:00:04','2022-01-01 00:00:04','1c6c4d82-9e26-11ec-ab50-6f4d28466548','1c6c4d82-9e26-11ec-ab50-6f4d28466548',0);
INSERT INTO PRODUCT_PROPERTY (ID, ATTRIBUTE_ID, PRODUCT_ID, ATTRIBUTE_VALUE, ATTRIBUTE_FIXED_ID, STATUS, NOTE, CREATE_DATE, MODIFIER_DATE, CREATE_BY, MODIFIER_BY, DELETE_FLAG)
VALUES ('8d6c4d82-9e26-11ec-ab50-6f4d28466538','7d6c4d82-9e26-11ec-ab50-6f4d28466527','5d6c4d82-9e26-11ec-ab50-6f4d28466527','480P',NULL,1,'NOTE1','2022-01-01 00:00:04','2022-01-01 00:00:04','1c6c4d82-9e26-11ec-ab50-6f4d28466548','1c6c4d82-9e26-11ec-ab50-6f4d28466548',0);

INSERT INTO PRODUCT_PROPERTY (ID, ATTRIBUTE_ID, PRODUCT_ID, ATTRIBUTE_VALUE, ATTRIBUTE_FIXED_ID, STATUS, NOTE, CREATE_DATE, MODIFIER_DATE, CREATE_BY, MODIFIER_BY, DELETE_FLAG)
VALUES ('8d6c4d82-9e26-11ec-ab50-6f4d28466541',NULL,'5d6c4d82-9e26-11ec-ab50-6f4d28466525',NULL,'9d6c4d82-9e26-11ec-ab50-6f4d28466548',1,'NOTE1','2022-01-01 00:00:04','2022-01-01 00:00:04','1c6c4d82-9e26-11ec-ab50-6f4d28466548','1c6c4d82-9e26-11ec-ab50-6f4d28466548',0);
INSERT INTO PRODUCT_PROPERTY (ID, ATTRIBUTE_ID, PRODUCT_ID, ATTRIBUTE_VALUE, ATTRIBUTE_FIXED_ID, STATUS, NOTE, CREATE_DATE, MODIFIER_DATE, CREATE_BY, MODIFIER_BY, DELETE_FLAG)
VALUES ('8d6c4d82-9e26-11ec-ab50-6f4d28466542',NULL,'5d6c4d82-9e26-11ec-ab50-6f4d28466525',NULL,'9d6c4d82-9e26-11ec-ab50-6f4d28466549',1,'NOTE1','2022-01-01 00:00:04','2022-01-01 00:00:04','1c6c4d82-9e26-11ec-ab50-6f4d28466548','1c6c4d82-9e26-11ec-ab50-6f4d28466548',0);
INSERT INTO PRODUCT_PROPERTY (ID, ATTRIBUTE_ID, PRODUCT_ID, ATTRIBUTE_VALUE, ATTRIBUTE_FIXED_ID, STATUS, NOTE, CREATE_DATE, MODIFIER_DATE, CREATE_BY, MODIFIER_BY, DELETE_FLAG)
VALUES ('8d6c4d82-9e26-11ec-ab50-6f4d28466544',NULL,'5d6c4d82-9e26-11ec-ab50-6f4d28466526',NULL,'9d6c4d82-9e26-11ec-ab50-6f4d28466548',1,'NOTE1','2022-01-01 00:00:04','2022-01-01 00:00:04','1c6c4d82-9e26-11ec-ab50-6f4d28466548','1c6c4d82-9e26-11ec-ab50-6f4d28466548',0);
INSERT INTO PRODUCT_PROPERTY (ID, ATTRIBUTE_ID, PRODUCT_ID, ATTRIBUTE_VALUE, ATTRIBUTE_FIXED_ID, STATUS, NOTE, CREATE_DATE, MODIFIER_DATE, CREATE_BY, MODIFIER_BY, DELETE_FLAG)
VALUES ('8d6c4d82-9e26-11ec-ab50-6f4d28466545',NULL,'5d6c4d82-9e26-11ec-ab50-6f4d28466526',NULL,'9d6c4d82-9e26-11ec-ab50-6f4d28466549',1,'NOTE1','2022-01-01 00:00:04','2022-01-01 00:00:04','1c6c4d82-9e26-11ec-ab50-6f4d28466548','1c6c4d82-9e26-11ec-ab50-6f4d28466548',0);
INSERT INTO PRODUCT_PROPERTY (ID, ATTRIBUTE_ID, PRODUCT_ID, ATTRIBUTE_VALUE, ATTRIBUTE_FIXED_ID, STATUS, NOTE, CREATE_DATE, MODIFIER_DATE, CREATE_BY, MODIFIER_BY, DELETE_FLAG)
VALUES ('8d6c4d82-9e26-11ec-ab50-6f4d28466547',NULL,'5d6c4d82-9e26-11ec-ab50-6f4d28466527',NULL,'9d6c4d82-9e26-11ec-ab50-6f4d28466548',1,'NOTE1','2022-01-01 00:00:04','2022-01-01 00:00:04','1c6c4d82-9e26-11ec-ab50-6f4d28466548','1c6c4d82-9e26-11ec-ab50-6f4d28466548',0);
INSERT INTO PRODUCT_PROPERTY (ID, ATTRIBUTE_ID, PRODUCT_ID, ATTRIBUTE_VALUE, ATTRIBUTE_FIXED_ID, STATUS, NOTE, CREATE_DATE, MODIFIER_DATE, CREATE_BY, MODIFIER_BY, DELETE_FLAG)
VALUES ('8d6c4d82-9e26-11ec-ab50-6f4d28466548',NULL,'5d6c4d82-9e26-11ec-ab50-6f4d28466527',NULL,'9d6c4d82-9e26-11ec-ab50-6f4d28466549',1,'NOTE1','2022-01-01 00:00:04','2022-01-01 00:00:04','1c6c4d82-9e26-11ec-ab50-6f4d28466548','1c6c4d82-9e26-11ec-ab50-6f4d28466548',0);

INSERT INTO STAFF (ID, FULL_NAME, PHONE_NUMBER, EMAIL, ADDRESS, DATE_OF_BIRTH, STAFF_CODE, IDENTITY_NUMBER, AVATAR, ROLE, USERNAME, PASSWORD, COUNT_LOGIN_FALSE, STATUS, NOTE, CREATE_DATE, MODIFIER_DATE, CREATE_BY, MODIFIER_BY, DELETE_FLAG)
VALUES ('1c6c4d82-9e26-11ec-ab50-6f4d28466548','STAFF_NAME_1','0123123123','STAFF1@GMAIL.COM','STAFF_ADDRESS1','1998-12-12','0001','0123412340','AVA1',1,'STAFF001','1FDFS1R21',0,1,'NOTE1','2022-01-01 00:00:04','2022-01-01 00:00:04','1c6c4d82-9e26-11ec-ab50-6f4d28466548','1c6c4d82-9e26-11ec-ab50-6f4d28466548',0);
INSERT INTO STAFF (ID, FULL_NAME, PHONE_NUMBER, EMAIL, ADDRESS, DATE_OF_BIRTH, STAFF_CODE, IDENTITY_NUMBER, AVATAR, ROLE, USERNAME, PASSWORD, COUNT_LOGIN_FALSE, STATUS, NOTE, CREATE_DATE, MODIFIER_DATE, CREATE_BY, MODIFIER_BY, DELETE_FLAG)
VALUES ('1c6c4d82-9e26-11ec-ab50-6f4d28466549','STAFF_NAME_2','0123123144','STAFF2@GMAIL.COM','STAFF_ADDRESS2','1992-12-12','0002','0123412311','AVA2',1,'STAFF002','1FDFS1R21',0,1,'NOTE1','2022-01-01 00:00:04','2022-01-01 00:00:04','1c6c4d82-9e26-11ec-ab50-6f4d28466548','1c6c4d82-9e26-11ec-ab50-6f4d28466548',0);

insert into supplier (ID, NAME, PHONE_NUMBER, EMAIL, ADDRESS, STATUS, NOTE, CREATE_DATE, MODIFIER_DATE, CREATE_BY, MODIFIER_BY, DELETE_FLAG)
values ('2c6c4d82-9e26-11ec-ab50-6f4d28466549','SUP1','1234123412','SUP1@GMAIL.COM','SUP_ADR1',1,'NOTE1','2022-01-01 00:00:04','2022-01-01 00:00:04','1c6c4d82-9e26-11ec-ab50-6f4d28466548','1c6c4d82-9e26-11ec-ab50-6f4d28466548',0);
insert into supplier (ID, NAME, PHONE_NUMBER, EMAIL, ADDRESS, STATUS, NOTE, CREATE_DATE, MODIFIER_DATE, CREATE_BY, MODIFIER_BY, DELETE_FLAG)
values ('2c6c4d82-9e26-11ec-ab50-6f4d28466548','SUP2','1234123332','SUP2@GMAIL.COM','SUP_ADR2',1,'NOTE1','2022-01-01 00:00:04','2022-01-01 00:00:04','1c6c4d82-9e26-11ec-ab50-6f4d28466548','1c6c4d82-9e26-11ec-ab50-6f4d28466548',0);

INSERT INTO CUSTOMER (ID, FULL_NAME, PHONE_NUMBER, EMAIL, ADDRESS, IDENTITY_NUMBER, AVATAR, ROLE, DATE_OF_BIRTH, COUNT_LOGIN_FALSE, STATUS, NOTE, CREATE_DATE, MODIFIER_DATE, CREATE_BY, MODIFIER_BY, DELETE_FLAG)
VALUES ('3c6c4d82-9e26-11ec-ab50-6f4d28466548','CUS_NAME_1','0435435433','CUST1@GMAIL.COM','ADR1',NULL,'AVA1',2,'1988-12-12',0,1,'NOTE1','2022-01-01 00:00:04','2022-01-01 00:00:04','1c6c4d82-9e26-11ec-ab50-6f4d28466548','1c6c4d82-9e26-11ec-ab50-6f4d28466548',0);
INSERT INTO CUSTOMER (ID, FULL_NAME, PHONE_NUMBER, EMAIL, ADDRESS, IDENTITY_NUMBER, AVATAR, ROLE, DATE_OF_BIRTH, COUNT_LOGIN_FALSE, STATUS, NOTE, CREATE_DATE, MODIFIER_DATE, CREATE_BY, MODIFIER_BY, DELETE_FLAG)
VALUES ('3c6c4d82-9e26-11ec-ab50-6f4d28466566','CUS_NAME_2','0435435444','CUST2@GMAIL.COM','ADR1',NULL,'AVA2',2,'1978-12-12',0,1,'NOTE1','2022-01-01 00:00:04','2022-01-01 00:00:04','1c6c4d82-9e26-11ec-ab50-6f4d28466548','1c6c4d82-9e26-11ec-ab50-6f4d28466548',0);
INSERT INTO CUSTOMER (ID, FULL_NAME, PHONE_NUMBER, EMAIL, ADDRESS, IDENTITY_NUMBER, AVATAR, ROLE, DATE_OF_BIRTH, COUNT_LOGIN_FALSE, STATUS, NOTE, CREATE_DATE, MODIFIER_DATE, CREATE_BY, MODIFIER_BY, DELETE_FLAG)
VALUES ('3c6c4d82-9e26-11ec-ab50-6f4d28466515','CUS_NAME_3','0435435455','CUST3@GMAIL.COM','ADR1',NULL,'AVA3',2,'1998-12-12',0,1,'NOTE1','2022-01-01 00:00:04','2022-01-01 00:00:04','1c6c4d82-9e26-11ec-ab50-6f4d28466548','1c6c4d82-9e26-11ec-ab50-6f4d28466548',0);